{
  "INFO" : {
    "N_FV" : 0,
    "N_MV" : 0,
    "N_SV" : 68,
    "N_CV" : 0,
    "FV" : [],
    "MV" : [],
    "SV" : ["v1", "v2", "v3", "v4", "v5", "v6", "v7", "v8", "v9", "v10", "v11", "v12", "v13", "v14", "v15", "v16", "v17", "v18", "v19", "v20", "v21", "v22", "v23", "v24", "v25", "v26", "v27", "v28", "v29", "v30", "v31", "v32", "v33", "v34", "v35", "v36", "v37", "v38", "v39", "v40", "v41", "v42", "v43", "v44", "v45", "v46", "v47", "v48", "v49", "v50", "v51", "v52", "v53", "v54", "v55", "v56", "v57", "v58", "v59", "v60", "v61", "v62", "v63", "v64", "v65", "v66", "v67", "v68"],
    "CV" : []
  }
  ,
  "APM" : {
    "APPINFO" : -11,
    "APPINFOCHG" : 11,
    "APPSTATUS" : 0,
    "AUTO_COLD" : 0,
    "BAD_CYCLES" : 1,
    "BNDS_CHK" : 1,
    "COLDSTART" : 0,
    "CSV_READ" : 2,
    "CSV_WRITE" : 1,
    "CTRL_HOR" : 1,
    "CTRL_TIME" :  6.0000000000E+01,
    "CTRL_UNITS" : 1,
    "CTRLMODE" : 1,
    "CV_WGT_SLOPE" :  0.0000000000E+00,
    "CV_WGT_START" : 0,
    "CV_TYPE" : 1,
    "CYCLECOUNT" : 0,
    "DBS_LEVEL" : 1,
    "DBS_READ" : 1,
    "DBS_WRITE" : 1,
    "DIAGLEVEL" : 0,
    "EV_WGT_SLOPE" :  0.0000000000E+00,
    "EV_TYPE" : 1,
    "FILTER" :  1.0000000000E+00,
    "FRZE_CHK" : 1,
    "HIST_HOR" : 0,
    "HIST_UNITS" : 0,
    "ICD_CALC" : 0,
    "IMODE" : 3,
    "ITERATIONS" : 46,
    "LINEAR" : 0,
    "MAX_ITER" : 500,
    "MAX_MEMORY" : 4,
    "MAX_TIME" :  1.0000000000E+20,
    "MEAS_CHK" : 1,
    "MV_DCOST_SLOPE" :  1.0000000000E-01,
    "MV_STEP_HOR" : 1,
    "MV_TYPE" : 0,
    "NODES" : 2,
    "OBJFCNVAL" :  1.3806847749E+17,
    "OTOL" :  1.0000000000E-06,
    "PRED_HOR" : 1,
    "PRED_TIME" :  6.0000000000E+01,
    "REDUCE" : 0,
    "REPLAY" : 0,
    "REQCTRLMODE" : 3,
    "RTOL" :  1.0000000000E-06,
    "SCALING" : 1,
    "SENSITIVITY" : 0,
    "SEQUENTIAL" : 0,
    "SOLVER" : 1,
    "SOLVESTATUS" : 0,
    "SOLVETIME" :  5.9100000000E-02,
    "SPECS" : 1,
    "SPC_CHART" : 0,
    "STREAM_LEVEL" : 0,
    "TIME_SHIFT" : 1,
    "WEB" : 0,
    "WEB_MENU" : 1,
    "WEB_REFRESH" : 10,
    "WEB_PLOT_FREQ" : 1
  }
  ,
  "v1" : {
    "FSTATUS" :  0.0000000000E+00,
    "LOWER" :  0.0000000000E+00,
    "MEAS" :  4.5454545455E-02,
    "MODEL" :  1.2345678900E-40,
    "PRED[0]" :  1.0000000000E+00,
    "PRED[1]" :  1.0000000000E+00,
    "UPPER" :  1.0000000000E+00 
  }
  ,
  "v2" : {
    "FSTATUS" :  0.0000000000E+00,
    "LOWER" :  0.0000000000E+00,
    "MEAS" :  4.5454545455E-02,
    "MODEL" :  1.2345678900E-40,
    "PRED[0]" :  1.0000000000E+00,
    "PRED[1]" :  1.0000000000E+00,
    "UPPER" :  1.0000000000E+00 
  }
  ,
  "v3" : {
    "FSTATUS" :  0.0000000000E+00,
    "LOWER" :  0.0000000000E+00,
    "MEAS" :  4.5454545455E-02,
    "MODEL" :  1.2345678900E-40,
    "PRED[0]" :  1.0000000000E+00,
    "PRED[1]" :  1.0000000000E+00,
    "UPPER" :  1.0000000000E+00 
  }
  ,
  "v4" : {
    "FSTATUS" :  0.0000000000E+00,
    "LOWER" :  0.0000000000E+00,
    "MEAS" :  4.5454545455E-02,
    "MODEL" :  1.2345678900E-40,
    "PRED[0]" :  1.0000000000E+00,
    "PRED[1]" :  1.0000000000E+00,
    "UPPER" :  1.0000000000E+00 
  }
  ,
  "v5" : {
    "FSTATUS" :  0.0000000000E+00,
    "LOWER" :  0.0000000000E+00,
    "MEAS" :  4.5454545455E-02,
    "MODEL" :  1.2345678900E-40,
    "PRED[0]" :  1.0000000000E+00,
    "PRED[1]" :  1.0000000000E+00,
    "UPPER" :  1.0000000000E+00 
  }
  ,
  "v6" : {
    "FSTATUS" :  0.0000000000E+00,
    "LOWER" :  0.0000000000E+00,
    "MEAS" :  4.5454545455E-02,
    "MODEL" :  1.2345678900E-40,
    "PRED[0]" :  1.0000000000E+00,
    "PRED[1]" :  1.0000000000E+00,
    "UPPER" :  1.0000000000E+00 
  }
  ,
  "v7" : {
    "FSTATUS" :  0.0000000000E+00,
    "LOWER" :  0.0000000000E+00,
    "MEAS" :  4.5454545455E-02,
    "MODEL" :  1.2345678900E-40,
    "PRED[0]" :  1.0000000000E+00,
    "PRED[1]" :  1.0000000000E+00,
    "UPPER" :  1.0000000000E+00 
  }
  ,
  "v8" : {
    "FSTATUS" :  0.0000000000E+00,
    "LOWER" :  0.0000000000E+00,
    "MEAS" :  4.5454545455E-02,
    "MODEL" :  1.2345678900E-40,
    "PRED[0]" :  1.0000000000E+00,
    "PRED[1]" :  1.0000000000E+00,
    "UPPER" :  1.0000000000E+00 
  }
  ,
  "v9" : {
    "FSTATUS" :  0.0000000000E+00,
    "LOWER" :  0.0000000000E+00,
    "MEAS" :  4.5454545455E-02,
    "MODEL" :  1.2345678900E-40,
    "PRED[0]" :  1.0000000000E+00,
    "PRED[1]" :  1.0000000000E+00,
    "UPPER" :  1.0000000000E+00 
  }
  ,
  "v10" : {
    "FSTATUS" :  0.0000000000E+00,
    "LOWER" :  0.0000000000E+00,
    "MEAS" :  4.5454545455E-02,
    "MODEL" :  1.2345678900E-40,
    "PRED[0]" :  1.0000000000E+00,
    "PRED[1]" :  1.0000000000E+00,
    "UPPER" :  1.0000000000E+00 
  }
  ,
  "v11" : {
    "FSTATUS" :  0.0000000000E+00,
    "LOWER" :  0.0000000000E+00,
    "MEAS" :  4.5454545455E-02,
    "MODEL" :  1.2345678900E-40,
    "PRED[0]" :  1.0000000000E+00,
    "PRED[1]" :  1.0000000000E+00,
    "UPPER" :  1.0000000000E+00 
  }
  ,
  "v12" : {
    "FSTATUS" :  0.0000000000E+00,
    "LOWER" :  0.0000000000E+00,
    "MEAS" :  4.5454545455E-02,
    "MODEL" :  1.2345678900E-40,
    "PRED[0]" :  1.0000000000E+00,
    "PRED[1]" :  1.0000000000E+00,
    "UPPER" :  1.0000000000E+00 
  }
  ,
  "v13" : {
    "FSTATUS" :  0.0000000000E+00,
    "LOWER" :  0.0000000000E+00,
    "MEAS" :  4.5454545455E-02,
    "MODEL" :  1.2345678900E-40,
    "PRED[0]" :  1.0000000000E+00,
    "PRED[1]" :  1.0000000000E+00,
    "UPPER" :  1.0000000000E+00 
  }
  ,
  "v14" : {
    "FSTATUS" :  0.0000000000E+00,
    "LOWER" :  0.0000000000E+00,
    "MEAS" :  4.5454545455E-02,
    "MODEL" :  1.2345678900E-40,
    "PRED[0]" :  1.0000000000E+00,
    "PRED[1]" :  1.0000000000E+00,
    "UPPER" :  1.0000000000E+00 
  }
  ,
  "v15" : {
    "FSTATUS" :  0.0000000000E+00,
    "LOWER" :  0.0000000000E+00,
    "MEAS" :  4.5454545455E-02,
    "MODEL" :  1.2345678900E-40,
    "PRED[0]" :  1.0000000000E+00,
    "PRED[1]" :  1.0000000000E+00,
    "UPPER" :  1.0000000000E+00 
  }
  ,
  "v16" : {
    "FSTATUS" :  0.0000000000E+00,
    "LOWER" :  0.0000000000E+00,
    "MEAS" :  4.5454545455E-02,
    "MODEL" :  1.2345678900E-40,
    "PRED[0]" :  1.0000000000E+00,
    "PRED[1]" :  1.0000000000E+00,
    "UPPER" :  1.0000000000E+00 
  }
  ,
  "v17" : {
    "FSTATUS" :  0.0000000000E+00,
    "LOWER" :  0.0000000000E+00,
    "MEAS" :  4.5454545455E-02,
    "MODEL" :  1.2345678900E-40,
    "PRED[0]" :  1.0000000000E+00,
    "PRED[1]" :  1.0000000000E+00,
    "UPPER" :  1.0000000000E+00 
  }
  ,
  "v18" : {
    "FSTATUS" :  0.0000000000E+00,
    "LOWER" :  0.0000000000E+00,
    "MEAS" :  4.5454545455E-02,
    "MODEL" :  1.2345678900E-40,
    "PRED[0]" :  1.0000000000E+00,
    "PRED[1]" :  1.0000000000E+00,
    "UPPER" :  1.0000000000E+00 
  }
  ,
  "v19" : {
    "FSTATUS" :  0.0000000000E+00,
    "LOWER" :  0.0000000000E+00,
    "MEAS" :  4.5454545455E-02,
    "MODEL" :  1.2345678900E-40,
    "PRED[0]" :  1.0000000000E+00,
    "PRED[1]" :  1.0000000000E+00,
    "UPPER" :  1.0000000000E+00 
  }
  ,
  "v20" : {
    "FSTATUS" :  0.0000000000E+00,
    "LOWER" :  0.0000000000E+00,
    "MEAS" :  4.5454545455E-02,
    "MODEL" :  1.2345678900E-40,
    "PRED[0]" :  1.0000000000E+00,
    "PRED[1]" :  1.0000000000E+00,
    "UPPER" :  1.0000000000E+00 
  }
  ,
  "v21" : {
    "FSTATUS" :  0.0000000000E+00,
    "LOWER" :  0.0000000000E+00,
    "MEAS" :  4.5454545455E-02,
    "MODEL" :  1.2345678900E-40,
    "PRED[0]" :  1.0000000000E+00,
    "PRED[1]" :  1.0000000000E+00,
    "UPPER" :  1.0000000000E+00 
  }
  ,
  "v22" : {
    "FSTATUS" :  0.0000000000E+00,
    "LOWER" :  0.0000000000E+00,
    "MEAS" :  4.5454545455E-02,
    "MODEL" :  1.2345678900E-40,
    "PRED[0]" :  1.0000000000E+00,
    "PRED[1]" :  1.0000000000E+00,
    "UPPER" :  1.0000000000E+00 
  }
  ,
  "v23" : {
    "FSTATUS" :  0.0000000000E+00,
    "LOWER" : -1.2345678900E+20,
    "MEAS" :  0.0000000000E+00,
    "MODEL" :  1.2345678900E-40,
    "PRED[0]" :  1.0000000000E+00,
    "PRED[1]" :  1.0000000000E+00,
    "UPPER" :  1.2345678900E+20 
  }
  ,
  "v24" : {
    "FSTATUS" :  0.0000000000E+00,